{
  "name": "details",
  "base": "PersistedModel",
  "idInjection": true,
  "options": {
    "validateUpsert": true
  },
  "properties": {
    "id": {
      "type": "unique",
      "required": true
    },
    "email": {
      "type": "string",
      "required": true
    },
    "givenName": {
      "type": "string",
      "required": true
    },
    "familyName": {
      "type": "string",
      "required": true
    },
    "created": {
      "type": "date"
    }
  },
  "validations": [],
  "relations": {},
  "acls": [],
  "methods": {}
}
